{"command.restartServer":"サーバーの再起動","extension.description":"Black フォーマッタを使用した Python ファイルの書式設定のサポート。","settings.args.description":"Python ファイルを書式設定するために Black に渡される引数。各引数は、配列内の個別の文字列として指定する必要があります。\n例:\n`\"black-formatter.args\" = [\"--config\", \"<file>\"]`","settings.cwd.description":"Black で Python ファイルのフォーマットに使用する現在の作業ディレクトリを設定します。既定では、ワークスペース `${workspaceFolder}` のルート ディレクトリが使用されます。ファイルの親フォルダーを Black の作業ディレクトリとして使用するには、'${fileDirname}' に設定します。","settings.importStrategy.description":"Python ファイルの書式設定に使用する Black フォーマッタ バイナリを定義します。'useBundled' に設定すると、拡張機能に付属する Black フォーマッタ バイナリが使用されます。'fromEnvironment' に設定すると、拡張機能は Black フォーマッタ バイナリと、現在選択されている環境で使用可能なすべての依存関係の使用を試みます。**注**: 選択した環境で有効な Black フォーマッタ バイナリが見つからない場合、拡張機能に付属するバイナリを使用するようにフォールバックします。'black-formatter.path' 設定が優先され、'black-formatter.importStrategy' の動作がオーバーライドされます。","settings.importStrategy.fromEnvironment.description":"選択した Python 環境の Black バイナリを使用します。拡張機能で有効な Black バイナリが見つからない場合は、バンドルされたバージョンの Black を使用するようにフォールバックします。","settings.importStrategy.useBundled.description":"バンドルされたバージョンの Black を常に使用して、Python ファイルをフォーマットします。","settings.interpreter.description":"Python 実行可能ファイル、または Black サーバーと任意のサブプロセスの起動に使用されるコマンドへのパス。単一または複数の文字列の配列を受け入れます。`[]` に設定すると、拡張機能は選択した Python インタープリターへのパスを使用します。コマンドを渡す場合は、各引数を配列内の個別の文字列として指定する必要があります。","settings.path.description":"Python ファイルを Black でフォーマットするために拡張機能で使用されるパスまたはコマンド。単一または複数の文字列の配列を受け入れます。コマンドを渡す場合は、各引数を配列内の個別の文字列として指定する必要があります。'[\"black\"]' に設定すると、'PATH' 環境変数で使用可能な Black のバージョンが使用されます。注: このオプションを使用すると、書式設定が遅くなる可能性があります。\n 例:\n - `[\"~/global_env/black\"]`\n - `[\"conda\", \"run\", \"-n\", \"lint_env\", \"python\", \"-m\", \"black\"]`","settings.serverTransport.description":"Black サーバーで使用するトランスポート プロトコルを選択します。`stdio` に設定すると、拡張機能は標準の入出力ストリームを使用して Black サーバーと通信します。`pipe` に設定すると、拡張機能は名前付きパイプ (Windows 上) または Unix ドメイン ソケット (Linux/Mac) を使用して Black サーバーと通信します。`stdio` トランスポート プロトコルは、ほとんどのユーザーにとっておすすめのオプションです。","settings.serverTransport.pipe.description":"名前付きパイプ (Windows 上) と Unix ドメイン ソケット (Linux/Mac) を使用して、Black サーバーと通信します。","settings.serverTransport.stdio.description":"標準の入出力ストリームを使用して Black サーバーと通信します。","settings.showNotifications.always.description":"通知は、サーバーが Python ファイルの書式設定時に表示することを選択した場合に表示されます。","settings.showNotifications.description":"この拡張機能によって通知が表示されるタイミングを制御します。","settings.showNotifications.off.description":"すべての通知がオフになり、Python ファイルの書式設定時にエラーや警告はログで引き続き使用できます。","settings.showNotifications.onError.description":"通知は、Python ファイルの書式設定時にエラーが発生した場合にのみ表示されます。","settings.showNotifications.onWarning.description":"Python ファイルを書式設定するときに、エラーと警告の通知が表示されます。"}
